{"height":15,"width":15,"sourceSeeds":[0],"units":[{"members":[{"x":0,"y":0}],"pivot":{"x":0,"y":0}}],"id":1,"filled":[{"x":2,"y":4},{"x":3,"y":4},{"x":4,"y":4},{"x":5,"y":4},{"x":6,"y":4},{"x":11,"y":4},{"x":2,"y":5},{"x":8,"y":5},{"x":11,"y":5},{"x":2,"y":6},{"x":11,"y":6},{"x":2,"y":7},{"x":3,"y":7},{"x":4,"y":7},{"x":8,"y":7},{"x":11,"y":7},{"x":2,"y":8},{"x":9,"y":8},{"x":11,"y":8},{"x":2,"y":9},{"x":8,"y":9},{"x":2,"y":10},{"x":3,"y":10},{"x":4,"y":10},{"x":5,"y":10},{"x":6,"y":10},{"x":9,"y":10},{"x":11,"y":10}],"sourceLength":100}