{"height":15,"width":10,"sourceSeeds":[0,16868,32001,13661,12352,29707,19957,2584,21791,18451,17818,26137,7533,29971,2895,177,8466,17014,23414,23008,15766,6045,13537,31051,12140,26930,28921,8444,29697,8269,12976,28635,16520,22345,22572,12272,6532,2148,23344,19542,22290,2586,19530,11006,8700,30014,21695,26153,13694,20701],"units":[{"members":[{"x":1,"y":0},{"x":0,"y":0},{"x":2,"y":0},{"x":3,"y":0}],"pivot":{"x":1,"y":0}},{"members":[{"x":1,"y":1},{"x":0,"y":1},{"x":2,"y":1},{"x":3,"y":0}],"pivot":{"x":1,"y":1}},{"members":[{"x":1,"y":0},{"x":0,"y":0},{"x":2,"y":0},{"x":2,"y":1}],"pivot":{"x":1,"y":0}},{"members":[{"x":1,"y":1},{"x":0,"y":1},{"x":2,"y":1},{"x":2,"y":0}],"pivot":{"x":1,"y":1}},{"members":[{"x":1,"y":0},{"x":0,"y":0},{"x":2,"y":0},{"x":1,"y":1}],"pivot":{"x":1,"y":0}},{"members":[{"x":0,"y":1},{"x":0,"y":0},{"x":1,"y":1},{"x":2,"y":0}],"pivot":{"x":0,"y":1}},{"members":[{"x":1,"y":1},{"x":0,"y":1},{"x":2,"y":0},{"x":3,"y":0}],"pivot":{"x":1,"y":1}},{"members":[{"x":1,"y":0},{"x":0,"y":0},{"x":1,"y":1},{"x":2,"y":1}],"pivot":{"x":1,"y":0}},{"members":[{"x":1,"y":1},{"x":0,"y":1},{"x":1,"y":0},{"x":2,"y":0}],"pivot":{"x":1,"y":1}},{"members":[{"x":1,"y":1},{"x":0,"y":1},{"x":2,"y":0},{"x":2,"y":2}],"pivot":{"x":1,"y":1}}],"id":4,"filled":[],"sourceLength":200}