{"height":40,"width":100,"sourceSeeds":[18],"units":[{"members":[{"x":0,"y":0},{"x":1,"y":0},{"x":2,"y":0},{"x":3,"y":0},{"x":1,"y":1},{"x":1,"y":2},{"x":1,"y":3},{"x":0,"y":4},{"x":1,"y":4},{"x":2,"y":4},{"x":3,"y":4}],"pivot":{"x":2,"y":2}},{"members":[{"x":0,"y":0}],"pivot":{"x":4,"y":0}},{"members":[{"x":0,"y":0}],"pivot":{"x":4,"y":0}},{"members":[{"x":0,"y":0}],"pivot":{"x":4,"y":0}},{"members":[{"x":0,"y":0}],"pivot":{"x":4,"y":0}},{"members":[{"x":0,"y":0}],"pivot":{"x":4,"y":0}},{"members":[{"x":0,"y":0}],"pivot":{"x":4,"y":0}},{"members":[{"x":0,"y":0}],"pivot":{"x":4,"y":0}},{"members":[{"x":0,"y":0}],"pivot":{"x":4,"y":0}},{"members":[{"x":0,"y":0}],"pivot":{"x":4,"y":0}},{"members":[{"x":0,"y":0}],"pivot":{"x":4,"y":0}},{"members":[{"x":0,"y":0}],"pivot":{"x":4,"y":0}},{"members":[{"x":0,"y":0}],"pivot":{"x":4,"y":0}},{"members":[{"x":0,"y":0}],"pivot":{"x":4,"y":0}},{"members":[{"x":0,"y":0}],"pivot":{"x":4,"y":0}},{"members":[{"x":0,"y":0}],"pivot":{"x":4,"y":0}},{"members":[{"x":0,"y":0}],"pivot":{"x":4,"y":0}},{"members":[{"x":0,"y":0}],"pivot":{"x":4,"y":0}},{"members":[{"x":0,"y":0}],"pivot":{"x":4,"y":0}},{"members":[{"x":0,"y":0}],"pivot":{"x":4,"y":0}},{"members":[{"x":0,"y":0},{"x":1,"y":0},{"x":2,"y":0},{"x":2,"y":1},{"x":1,"y":2},{"x":2,"y":2},{"x":0,"y":3},{"x":0,"y":4},{"x":1,"y":4},{"x":2,"y":4},{"x":3,"y":4}],"pivot":{"x":2,"y":2}},{"members":[{"x":0,"y":0}],"pivot":{"x":4,"y":0}},{"members":[{"x":0,"y":0}],"pivot":{"x":4,"y":0}},{"members":[{"x":1,"y":0},{"x":2,"y":0},{"x":3,"y":0},{"x":0,"y":1},{"x":0,"y":2},{"x":0,"y":3},{"x":1,"y":4},{"x":2,"y":4},{"x":3,"y":4}],"pivot":{"x":2,"y":2}},{"members":[{"x":0,"y":0}],"pivot":{"x":4,"y":0}},{"members":[{"x":0,"y":0}],"pivot":{"x":4,"y":0}},{"members":[{"x":0,"y":0}],"pivot":{"x":4,"y":0}},{"members":[{"x":0,"y":0},{"x":1,"y":0}],"pivot":{"x":4,"y":0}},{"members":[{"x":0,"y":0},{"x":1,"y":0}],"pivot":{"x":4,"y":0}},{"members":[{"x":0,"y":0},{"x":1,"y":0}],"pivot":{"x":4,"y":0}},{"members":[{"x":0,"y":0},{"x":1,"y":0}],"pivot":{"x":4,"y":0}},{"members":[{"x":0,"y":0},{"x":1,"y":0}],"pivot":{"x":4,"y":0}},{"members":[{"x":0,"y":0},{"x":1,"y":0},{"x":2,"y":0},{"x":0,"y":1},{"x":0,"y":2},{"x":1,"y":2},{"x":2,"y":2},{"x":0,"y":3},{"x":0,"y":4}],"pivot":{"x":1,"y":3}},{"members":[{"x":0,"y":0},{"x":1,"y":0}],"pivot":{"x":4,"y":0}},{"members":[{"x":0,"y":0},{"x":1,"y":0}],"pivot":{"x":4,"y":0}},{"members":[{"x":0,"y":0},{"x":1,"y":0},{"x":2,"y":0},{"x":3,"y":0},{"x":0,"y":1},{"x":1,"y":2},{"x":2,"y":2},{"x":3,"y":2},{"x":3,"y":3},{"x":0,"y":4},{"x":1,"y":4},{"x":2,"y":4},{"x":3,"y":4}],"pivot":{"x":2,"y":2}},{"members":[{"x":0,"y":0},{"x":1,"y":0}],"pivot":{"x":4,"y":0}},{"members":[{"x":0,"y":0},{"x":1,"y":0}],"pivot":{"x":4,"y":0}},{"members":[{"x":0,"y":0},{"x":1,"y":0}],"pivot":{"x":4,"y":0}},{"members":[{"x":0,"y":0},{"x":1,"y":0}],"pivot":{"x":4,"y":0}},{"members":[{"x":0,"y":0},{"x":1,"y":0}],"pivot":{"x":4,"y":0}},{"members":[{"x":0,"y":0},{"x":1,"y":0}],"pivot":{"x":4,"y":0}},{"members":[{"x":0,"y":0},{"x":1,"y":0}],"pivot":{"x":4,"y":0}},{"members":[{"x":2,"y":0},{"x":3,"y":0},{"x":2,"y":1},{"x":2,"y":2},{"x":1,"y":3},{"x":0,"y":4},{"x":1,"y":4},{"x":2,"y":4},{"x":3,"y":4}],"pivot":{"x":2,"y":2}},{"members":[{"x":0,"y":0},{"x":1,"y":0}],"pivot":{"x":4,"y":0}},{"members":[{"x":0,"y":0},{"x":1,"y":0},{"x":2,"y":0}],"pivot":{"x":4,"y":0}},{"members":[{"x":0,"y":0},{"x":1,"y":0},{"x":2,"y":0}],"pivot":{"x":4,"y":0}},{"members":[{"x":0,"y":0},{"x":1,"y":0},{"x":2,"y":0},{"x":0,"y":1},{"x":2,"y":1},{"x":0,"y":2},{"x":1,"y":2},{"x":2,"y":2},{"x":0,"y":3},{"x":0,"y":4}],"pivot":{"x":1,"y":2}},{"members":[{"x":0,"y":0},{"x":1,"y":0},{"x":2,"y":0}],"pivot":{"x":4,"y":0}},{"members":[{"x":0,"y":0},{"x":1,"y":0},{"x":2,"y":0}],"pivot":{"x":4,"y":0}},{"members":[{"x":0,"y":0},{"x":1,"y":0},{"x":2,"y":0}],"pivot":{"x":4,"y":0}},{"members":[{"x":0,"y":0},{"x":1,"y":0},{"x":2,"y":0}],"pivot":{"x":4,"y":0}},{"members":[{"x":0,"y":0},{"x":1,"y":0},{"x":2,"y":0}],"pivot":{"x":4,"y":0}},{"members":[{"x":1,"y":0},{"x":2,"y":0},{"x":3,"y":0},{"x":0,"y":1},{"x":3,"y":1},{"x":0,"y":2},{"x":4,"y":2},{"x":0,"y":3},{"x":3,"y":3},{"x":1,"y":4},{"x":2,"y":4},{"x":3,"y":4},{"x":2,"y":2}],"pivot":{"x":2,"y":2}}],"id":24,"filled":[{"x":14,"y":10},{"x":13,"y":11},{"x":14,"y":12},{"x":13,"y":13},{"x":14,"y":14},{"x":13,"y":15},{"x":14,"y":16},{"x":44,"y":16},{"x":45,"y":16},{"x":46,"y":16},{"x":12,"y":17},{"x":13,"y":17},{"x":14,"y":17},{"x":15,"y":17},{"x":42,"y":17},{"x":43,"y":17},{"x":46,"y":17},{"x":47,"y":17},{"x":11,"y":18},{"x":12,"y":18},{"x":16,"y":18},{"x":17,"y":18},{"x":41,"y":18},{"x":42,"y":18},{"x":48,"y":18},{"x":49,"y":18},{"x":50,"y":18},{"x":10,"y":19},{"x":17,"y":19},{"x":41,"y":19},{"x":49,"y":19},{"x":11,"y":20},{"x":12,"y":20},{"x":16,"y":20},{"x":17,"y":20},{"x":41,"y":20},{"x":49,"y":20},{"x":12,"y":21},{"x":15,"y":21},{"x":41,"y":21},{"x":49,"y":21},{"x":13,"y":22},{"x":15,"y":22},{"x":41,"y":22},{"x":49,"y":22},{"x":77,"y":22},{"x":78,"y":22},{"x":79,"y":22},{"x":80,"y":22},{"x":81,"y":22},{"x":82,"y":22},{"x":98,"y":22},{"x":99,"y":22},{"x":9,"y":23},{"x":10,"y":23},{"x":11,"y":23},{"x":12,"y":23},{"x":15,"y":23},{"x":16,"y":23},{"x":17,"y":23},{"x":30,"y":23},{"x":31,"y":23},{"x":32,"y":23},{"x":33,"y":23},{"x":34,"y":23},{"x":35,"y":23},{"x":41,"y":23},{"x":49,"y":23},{"x":76,"y":23},{"x":82,"y":23},{"x":98,"y":23},{"x":10,"y":24},{"x":17,"y":24},{"x":31,"y":24},{"x":35,"y":24},{"x":41,"y":24},{"x":49,"y":24},{"x":73,"y":24},{"x":74,"y":24},{"x":75,"y":24},{"x":77,"y":24},{"x":82,"y":24},{"x":98,"y":24},{"x":9,"y":25},{"x":17,"y":25},{"x":30,"y":25},{"x":35,"y":25},{"x":41,"y":25},{"x":49,"y":25},{"x":51,"y":25},{"x":52,"y":25},{"x":53,"y":25},{"x":69,"y":25},{"x":72,"y":25},{"x":75,"y":25},{"x":76,"y":25},{"x":82,"y":25},{"x":98,"y":25},{"x":10,"y":26},{"x":17,"y":26},{"x":31,"y":26},{"x":35,"y":26},{"x":41,"y":26},{"x":50,"y":26},{"x":51,"y":26},{"x":54,"y":26},{"x":55,"y":26},{"x":56,"y":26},{"x":69,"y":26},{"x":70,"y":26},{"x":72,"y":26},{"x":82,"y":26},{"x":83,"y":26},{"x":98,"y":26},{"x":0,"y":27},{"x":1,"y":27},{"x":2,"y":27},{"x":3,"y":27},{"x":9,"y":27},{"x":17,"y":27},{"x":30,"y":27},{"x":35,"y":27},{"x":41,"y":27},{"x":55,"y":27},{"x":67,"y":27},{"x":68,"y":27},{"x":70,"y":27},{"x":71,"y":27},{"x":83,"y":27},{"x":89,"y":27},{"x":90,"y":27},{"x":91,"y":27},{"x":98,"y":27},{"x":4,"y":28},{"x":10,"y":28},{"x":17,"y":28},{"x":18,"y":28},{"x":19,"y":28},{"x":20,"y":28},{"x":31,"y":28},{"x":35,"y":28},{"x":41,"y":28},{"x":56,"y":28},{"x":57,"y":28},{"x":68,"y":28},{"x":83,"y":28},{"x":87,"y":28},{"x":88,"y":28},{"x":89,"y":28},{"x":92,"y":28},{"x":93,"y":28},{"x":94,"y":28},{"x":95,"y":28},{"x":98,"y":28},{"x":3,"y":29},{"x":9,"y":29},{"x":20,"y":29},{"x":30,"y":29},{"x":35,"y":29},{"x":41,"y":29},{"x":56,"y":29},{"x":67,"y":29},{"x":83,"y":29},{"x":84,"y":29},{"x":85,"y":29},{"x":86,"y":29},{"x":95,"y":29},{"x":96,"y":29},{"x":98,"y":29},{"x":4,"y":30},{"x":10,"y":30},{"x":20,"y":30},{"x":31,"y":30},{"x":35,"y":30},{"x":41,"y":30},{"x":57,"y":30},{"x":68,"y":30},{"x":97,"y":30},{"x":98,"y":30},{"x":3,"y":31},{"x":9,"y":31},{"x":20,"y":31},{"x":30,"y":31},{"x":35,"y":31},{"x":41,"y":31},{"x":56,"y":31},{"x":65,"y":31},{"x":66,"y":31},{"x":67,"y":31},{"x":4,"y":32},{"x":10,"y":32},{"x":20,"y":32},{"x":24,"y":32},{"x":25,"y":32},{"x":26,"y":32},{"x":31,"y":32},{"x":36,"y":32},{"x":37,"y":32},{"x":41,"y":32},{"x":57,"y":32},{"x":63,"y":32},{"x":64,"y":32},{"x":65,"y":32},{"x":4,"y":33},{"x":7,"y":33},{"x":8,"y":33},{"x":9,"y":33},{"x":20,"y":33},{"x":22,"y":33},{"x":23,"y":33},{"x":24,"y":33},{"x":25,"y":33},{"x":26,"y":33},{"x":27,"y":33},{"x":30,"y":33},{"x":37,"y":33},{"x":38,"y":33},{"x":39,"y":33},{"x":41,"y":33},{"x":56,"y":33},{"x":63,"y":33},{"x":4,"y":34},{"x":7,"y":34},{"x":20,"y":34},{"x":22,"y":34},{"x":28,"y":34},{"x":31,"y":34},{"x":39,"y":34},{"x":41,"y":34},{"x":57,"y":34},{"x":63,"y":34},{"x":4,"y":35},{"x":6,"y":35},{"x":20,"y":35},{"x":22,"y":35},{"x":28,"y":35},{"x":29,"y":35},{"x":30,"y":35},{"x":39,"y":35},{"x":40,"y":35},{"x":56,"y":35},{"x":58,"y":35},{"x":59,"y":35},{"x":60,"y":35},{"x":61,"y":35},{"x":62,"y":35},{"x":5,"y":36},{"x":6,"y":36},{"x":7,"y":36},{"x":20,"y":36},{"x":22,"y":36},{"x":57,"y":36},{"x":59,"y":36},{"x":20,"y":37},{"x":22,"y":37},{"x":57,"y":37},{"x":58,"y":37},{"x":20,"y":38},{"x":22,"y":38},{"x":20,"y":39},{"x":21,"y":39},{"x":22,"y":39}],"sourceLength":1620}